1,Aksel,Durrance,Fairweather,2017-05-18,830-741-3125,Volovo,Ilene
2,Meredith,Boribal,Blamire,2017-04-23,788-861-9214,Limoeiro do Ajuru,Fairfield
3,Hester,Dunnion,Beig,2018-10-24,204-603-8814,Dazuo,Crowley
4,Victor,Rosita,Beagles,2021-08-16,200-793-2267,Danao,Holmberg
5,Haskel,Claris,Longstaffe,2014-12-17,331-181-2664,Retiro,Holy Cross
6,Nels,Goosey,Ashpital,2017-05-13,447-886-3289,Santol,Mcbride
7,Zea,Spowage,McCourt,2015-12-24,411-404-0613,San Casimiro,Anzinger
8,Elvira,Argo,Chantillon,2022-05-23,475-696-9968,Meget,Forest Run
9,Miller,Jochens,Osmon,2020-12-16,216-890-1609,Lidingö,Talisman
10,Dorie,Clowney,Schubert,2017-08-18,190-715-4308,Mulhouse,Linden
11,Jeri,Cordie,MacAdam,2016-01-03,548-791-3763,Saint-Malo,2nd
12,Julianna,Izakson,Niesegen,2014-10-03,577-742-1034,Candelária,Bay
13,Lowell,Powlett,Boutcher,2021-05-22,454-240-7653,Burlatskoye,Sunbrook
14,Monro,Coote,Goold,2016-03-23,939-741-8555,Sijihong,Anthes
15,Teirtza,Attwater,Corker,2019-06-08,439-873-6668,Jiangchang,Barnett
16,Liliane,Maxstead,Eilhertsen,2020-06-10,820-583-2108,Cacaopera,Kim
17,Myrta,Dikle,Hallowes,2021-09-16,412-312-9341,Sumberwaru,Killdeer
18,Jone,Hulmes,Carder,2016-11-30,330-437-6315,Misawa,Cambridge
19,Burch,Darque,Pedycan,2019-02-16,225-134-7936,Xinpu,Laurel
20,Barr,Errington,Garrioch,2018-01-29,201-662-6807,Dibba Al-Fujairah,Pine View
21,Brooke,Cristofori,Dimitriev,2022-05-01,783-811-6195,Kisasa,Grasskamp
22,Jolene,Dorkens,Rapsey,2019-09-19,301-519-8033,Matina,Vermont
23,Harrison,Porkiss,Hardey,2014-07-01,605-375-0542,Hai Riêng,Mandrake
24,Lockwood,Comber,Tumbridge,2016-01-22,288-748-6204,Évreux,Burning Wood
25,Ellissa,Ellsbury,Goffe,2020-02-18,762-109-2252,Katrineholm,Express
26,Matias,Del Castello,Bonas,2015-05-24,837-687-1772,Jinshanpu,Helena
27,Creighton,Tuckerman,Haselhurst,2017-05-04,570-165-9406,Anuchino,Buhler
28,Bella,Van Arsdale,Meldon,2022-03-30,989-135-7581,Kýria,Weeping Birch
29,Laura,Trengrove,Attard,2022-06-14,468-103-2241,Mahalapye,Farwell
30,Gregory,Adie,Raubenheim,2017-11-04,291-303-5451,Qintang,Stuart
31,Tildy,Cristol,Martt,2022-06-30,513-716-4128,Cincinnati,Northview
32,Egan,Jerg,Hailston,2015-08-04,117-533-1716,Mallow,Westend
33,Zedekiah,Fowlestone,Wyleman,2021-05-15,112-836-6957,Katagum,Chinook
34,Feliks,Tacker,Gianolini,2014-10-24,692-622-4564,Sindanghayu,Gerald
35,Beverlie,Boribal,Minigo,2018-02-10,820-369-7135,Stepove,Morningstar
36,Pris,De Bruijne,Guion,2018-03-11,103-377-0294,Sacsamarca,Ridgeway
37,Abbie,Calderon,Carlson,2018-07-28,607-307-7668,Cibenda,Schiller
38,Corinne,Blesing,McCann,2020-07-14,334-219-2230,Firavitoba,Sherman
39,Barnabas,Sulley,Kleinsinger,2016-08-08,795-653-3437,Pampas Chico,Eggendart
40,Vaclav,Burrass,Peploe,2019-06-08,415-393-5087,Ulcinj,David
41,Rosanna,Crocker,Van Daalen,2018-01-14,202-776-3460,Kuala Lumpur,Westerfield
42,Iver,Summerrell,Abbs,2015-05-09,560-206-2738,Sangar Sarāy,Schlimgen
43,Jakie,MacGillicuddy,Malcolmson,2017-11-25,426-452-0824,Yashkul’,Schiller
44,Daryl,Money,Fiddeman,2022-08-17,287-998-4355,Quimper,Westport
45,Abigael,Dilkes,Fairnie,2018-06-27,643-484-8778,Kombissiri,Michigan
46,Marietta,Schmidt,Baynam,2017-11-02,659-365-1671,Thap Than,Comanche
47,Hamid,Kermath,Aicken,2016-12-20,453-467-7598,Jargalant,Orin
48,Betteann,Spir,Worsalls,2019-10-24,658-632-0135,Nazca,North
49,Tully,Jirek,Samber,2018-11-02,526-419-2383,Candelária,Logan
50,Rubi,Dorro,Bunyan,2016-08-18,379-368-5340,Batu,Havey
51,Yelena,Milroy,Woollam,2018-03-25,202-927-4798,Washington,Carey
52,Jenn,Adderley,Sherratt,2016-01-10,999-905-4925,Mafang,Kropf
53,Dion,Dowdall,Biles,2017-12-11,478-413-9428,Macon,Rusk
54,Chantal,Tranter,Freegard,2015-03-22,976-731-5115,Campos do Jordão,Ruskin
55,Katrina,Sinnott,Faint,2015-05-21,687-303-6585,Houxixi,Haas
56,Thacher,Jekel,Varndall,2017-12-07,858-814-9507,Mapou,Forster
57,Elvera,Heinig,de Clerc,2017-03-19,711-635-0280,Jarash,Cambridge
58,Delinda,Brearley,Hrynczyk,2021-10-03,627-766-6996,Karanganyarkrajan,Hanson
59,Guthry,Featonby,Drury,2020-10-16,632-785-5174,Lindavista,Gulseth
60,Galen,Penella,Hamberstone,2022-01-01,404-291-5377,Sukhinichi,Bowman
61,Robina,Fibbitts,Vignaux,2020-06-24,262-584-0885,Yichun,High Crossing
62,Emanuele,Nutt,Farrell,2019-07-11,676-774-8175,Penteado,Ludington
63,Kanya,Dunmuir,Simpkiss,2021-07-16,169-876-6703,Jinji,Ronald Regan
64,Alanson,Paskin,Collete,2015-12-16,735-532-3741,Karakulino,Cody
65,Eveline,Bedell,Ordelt,2016-10-26,112-812-8719,Xiangyanglu,Manitowish
66,Halsy,Duchatel,Mergue,2017-02-25,573-506-7814,Changmaoling,Merry
67,Halimeda,Whylie,Rey,2022-04-19,249-964-2283,Pataha,Colorado
68,Randall,Whyard,Corteis,2014-09-17,337-151-0854,Pirca,Dapin
69,Eduardo,Brumpton,Josifovitz,2016-07-25,181-772-2298,Rattanawapi,Schlimgen
70,Kassia,Bringloe,Stickings,2018-02-27,407-970-2425,Orlando,Dorton
71,Joy,Borrill,Lockey,2018-09-01,136-353-8890,Shimorskoye,Holmberg
72,Dewitt,Urion,Willden,2021-06-13,330-984-6470,Lisków,Golden Leaf
73,Leonard,Sedgebeer,Phetteplace,2018-08-21,516-332-1098,Konza,Lakewood Gardens
74,Joshuah,Tavernor,Bettam,2017-03-17,911-800-0648,Zgornje Bitnje,Gale
75,Tiffanie,Francino,Faragan,2021-04-04,577-644-8297,Tourcoing,Sunfield
76,Cosette,McLese,MacGaughie,2014-09-03,624-225-2617,Bornu Yassu,Basil
77,Courtnay,Sieur,Keaveny,2016-07-10,863-408-9626,Águas,Old Shore
78,Jamal,Cashman,Ferneley,2016-09-12,637-629-4196,Gunan,Killdeer
79,Marika,Breckon,Compford,2014-09-17,515-485-9851,Bereeda,Donald
80,Faith,Placide,Le Conte,2018-03-24,395-277-4149,Luotuo,Bayside
81,Waylan,Bearne,Gallyhaock,2014-11-25,332-788-5117,Kolo,Oak
82,Kingsly,Pope,Lucks,2018-09-12,455-869-1387,Caigongzhuang,Michigan
83,Drugi,Hazlewood,Cleft,2019-10-02,499-784-0579,Mopti,Westridge
84,Phillida,Mandy,Conybear,2016-04-25,822-675-6838,Cap-Santé,Anzinger
85,Marylou,Snodden,Tellenbroker,2022-09-15,170-291-6265,Polykárpi,Westport
86,Arvin,Reeson,Browncey,2020-06-16,418-549-8832,Pribrezhnyy,Derek
87,Jamal,Kahn,Nevitt,2018-04-10,120-645-2515,Pamedilan,Talmadge
88,Clarabelle,Quogan,Margrett,2019-12-21,902-295-5966,Atlasovo,Merchant
89,Vergil,Corbin,Biagioni,2017-08-11,862-458-2694,Verd,Orin
90,Giacinta,Halle,Plan,2022-03-26,767-868-5284,Lecong,Tomscot
91,Aurie,Jestico,Ranstead,2020-11-04,961-737-2191,Mulleriyawa,Del Mar
92,Cristin,Ramsay,Cote,2016-02-10,712-310-3833,Al Mashāf,Lyons
93,Adiana,Craigheid,Webland,2016-06-03,182-122-4633,Veternik,Maryland
94,Robbert,Drinkwater,Armytage,2017-01-09,774-922-1486,Ise,Sullivan
95,Jasper,Spellman,Dowey,2021-06-16,681-760-8840,Kleszczewo,Mayfield
96,Cathe,Acland,Hicks,2021-04-27,602-609-7759,Peoria,Northfield
97,Nilson,McKeon,Halson,2016-07-10,703-707-1617,Priyutovo,Shelley
98,Ignatius,Colgrave,Frondt,2019-07-03,836-172-0834,Nosy Varika,Straubel
99,Pauletta,Roiz,Royal,2018-07-28,377-292-6439,Vilkaviskis,Luster
100,Noby,Gandey,Colloff,2018-11-08,664-647-5803,Mauhao,Haas
101,Geralda,Burchnall,Almak,2019-08-10,742-706-1294,Kharlu,Kinsman
102,Petronille,Whewell,Dickerline,2020-04-11,359-590-5206,Kulykiv,Riverside
103,Kristel,Gierck,Majury,2017-12-04,515-406-4534,Gracias,Mitchell
104,Ricky,Cadding,Burnell,2019-01-03,755-908-7475,Mistřice,Atwood
105,Claire,Kuhle,Evitts,2015-07-04,579-537-9082,Candating,Brentwood
106,Ralf,Ghirigori,Joscelin,2019-11-08,576-620-2454,Jianggezhuang,Spenser
107,Ilise,Pohls,Pipe,2017-09-25,878-648-5805,Retenggoma,Superior
108,Belvia,Barti,Wallis,2021-10-22,222-892-8548,Honiara,Boyd
109,Herbert,Murfill,Checketts,2015-09-26,386-245-3573,Nong Saeng,Cordelia
110,Gannie,Schneidau,Spawell,2019-10-25,488-641-8505,Poncokusumo,Bunting
111,Christophe,Mebs,Curro,2015-04-03,453-679-4609,Pangpang,Upham
112,Mabelle,Beinke,Sergant,2019-08-03,937-359-9406,Viloco,Manufacturers
113,Madelon,Sills,Treby,2018-07-04,528-481-8873,Doba,Carpenter
114,Flora,Oakes,Fitchew,2018-10-07,500-510-9975,Fujia,Forest
115,Bent,Liebermann,Middlemist,2018-12-30,624-510-0982,La Esperanza,Norway Maple
116,Fonzie,O'Monahan,Heis,2014-09-10,406-441-8711,General Santos,Derek
117,Myrtle,Lorenzo,Rosso,2018-03-15,375-180-9356,Ipoh,Rieder
118,Coralie,Olenchikov,Gerrill,2019-03-19,422-530-6843,Ivanava,Fallview
119,Wynn,Oldale,Kindred,2017-01-22,609-821-7371,Las Palomas,Walton
120,Taddeo,Kinnerk,Fraczak,2018-06-09,403-370-0679,Bāndarban,Swallow
121,Patsy,Gerkens,Teresi,2016-03-22,487-790-9278,Bangko,Mifflin
122,Josefina,Whittingham,Sibley,2020-12-28,109-737-3306,Júlio de Castilhos,Main
123,Thayne,De Castri,Cubitt,2020-08-23,806-694-6933,Novorozhdestvenskaya,Gulseth
124,Willey,Lawrie,Raffin,2015-07-22,440-727-9957,Shazhuang,Anzinger
125,Martainn,Loudon,Weatherley,2015-09-22,713-970-6336,Rájec-Jestřebí,Clemons
126,Keith,Sandry,Poytres,2014-09-09,895-426-2140,Blinsung,Moose
127,Val,Silby,Hewlings,2021-11-04,845-423-8628,Nuquí,Buhler
128,Ines,Mealiffe,Ferriman,2019-06-16,192-415-7245,Falefa,Commercial
129,Marlyn,Olivetti,Castells,2022-04-30,484-429-1070,Verenchanka,Reinke
130,Maureene,Parish,Hourican,2017-05-17,983-545-0452,Imeni Babushkina,Farragut
131,Mitchel,Deveral,Jacquemy,2015-05-24,329-189-0651,Córdoba,Crownhardt
132,Gui,Basnett,Hush,2020-11-07,267-243-4537,Jammāl,Kinsman
133,Chev,Shane,Yoseloff,2022-04-13,749-749-6849,Shāhpur Chākar,Heath
134,Inga,Daughton,Jurczyk,2021-12-17,851-781-5530,Kebonkaret,Sherman
135,Rubia,Lammie,Beasleigh,2015-08-24,843-602-1595,Maronge,Park Meadow
136,Dalila,Craven,Ekell,2016-11-14,162-276-6292,Gizałki,Dwight
137,Lazar,Bidnall,Pinnigar,2020-01-30,272-346-4823,Buyunshan,Comanche
138,Sharleen,Biaggelli,Ivanyukov,2019-07-22,396-494-6909,Rumburk,Elka
139,Kissiah,Rigts,Fermor,2014-12-27,416-137-0436,Nuevo Amanecer,Pearson
140,Gawen,Labro,Bewly,2017-11-22,630-962-4734,Yonghe,Warrior
141,Josiah,Trayford,Ockendon,2017-05-21,749-468-6161,Confey,Dorton
142,Teena,Lawlan,Zettoi,2020-12-29,181-832-0375,Sishan,Service
143,Jaimie,Medling,Nettle,2022-02-09,449-635-7619,Rostokino,Center
144,Annette,Scollan,Lean,2020-05-29,860-889-1279,Benešov,Armistice
145,Malcolm,Salery,Avis,2020-04-11,682-242-9269,Cabuyao,Larry
146,Robbert,Longmire,Scrooby,2014-07-19,676-475-1391,Miskindzha,Ronald Regan
147,Gardner,Ruffey,Galliver,2022-08-04,908-650-1318,Bogotá,Basil
148,Carmelina,Itshak,Methven,2019-05-19,816-980-6694,Klenovyy,American
149,Ondrea,Marioneau,Lamblin,2017-10-10,945-813-1973,Kihniö,Summer Ridge
150,Yolane,Herkess,Belliss,2015-12-15,417-956-9354,Shōbara,Meadow Vale
151,Ileana,D'Alesco,Giamo,2019-04-08,847-318-0881,Chicago,Warbler
152,Ariela,Deacock,Bonson,2015-09-07,104-424-9135,Talca,Pierstorff
153,Perren,Warlow,Pankhurst.,2019-09-27,260-446-2595,Carlos Casares,Myrtle
154,Burg,Schaben,Bruckental,2019-08-31,798-931-9365,Delingha,Union
155,Jeane,Weekland,Willsmore,2021-03-16,551-476-4717,Wugui,Hayes
156,Putnam,Smee,Newiss,2015-11-19,611-610-5596,Batulayang,Upham
157,Aguistin,McCathy,Giacobo,2018-12-26,473-778-9051,Behābād,Talmadge
158,Justen,Siddell,Giddens,2016-07-04,597-186-9567,Saraktash,Express
159,Paton,Lodo,Stut,2016-08-16,490-530-6724,Jangdam,Tomscot
160,Amandy,Rollings,Wrate,2022-09-12,916-597-1551,Imeni Zhelyabova,Eliot
161,Karel,Ensten,Ralton,2015-09-14,925-289-2695,Purda,Orin
162,Emanuel,Wainscoat,Overstone,2020-02-09,719-235-9942,Týnec,Donald
163,Sabrina,Reyes,Van Oort,2015-02-10,577-342-2229,Kibara,Huxley
164,Cinda,Merryman,Warboy,2018-05-03,890-168-2723,Sozopol,Sycamore
165,Kristina,Aizikov,Sandison,2017-10-31,189-801-3016,Riangwale,Village Green
166,Tallou,Bilborough,Kermode,2016-03-07,818-137-5809,Novyye Cherëmushki,Hazelcrest
167,Vasilis,Cody,Gurry,2016-06-01,762-261-0230,Arras,Mccormick
168,Theadora,Haggerty,Brymham,2020-06-12,308-377-1113,Mayo,Tennyson
169,Raye,Marages,Noar,2016-11-21,873-636-7137,Luoxiong,Clove
170,Cathryn,Gownge,Linley,2017-09-27,800-269-9241,Kitcharao,Mallory
171,Gilburt,Matthai,D'Agostini,2017-08-02,324-676-1409,Tumbes,Hanson
172,Langsdon,Palphreyman,Brosius,2017-05-04,865-858-3042,Kuhmalahti,Forest Run
173,Bernetta,Muck,Gouldsmith,2015-01-17,139-970-6057,Tubli,Quincy
174,Carey,Teffrey,Garrard,2022-06-06,325-503-3094,Muramvya,Gina
175,Wilow,Longstreeth,Alenin,2021-08-17,280-895-1052,Ketanen,Oxford
176,Elsa,Rubke,Ondrasek,2021-05-10,411-891-5622,Benešov nad Ploučnicí,Spaight
177,Gray,Siret,Nelmes,2021-05-01,724-912-4353,Suzdal’,Drewry
178,Derron,Echallie,Fitzsymon,2020-03-15,541-353-6459,Silvino Lobos,Granby
179,Milli,Ciciotti,Hanscom,2017-01-07,123-754-1927,Aţ Ţaybah,Shelley
180,Silva,Maso,Menendes,2016-11-14,389-307-2954,Himensulan,Sage
181,Erwin,Paroni,Attril,2016-06-16,301-483-3671,Chuangwang,Arkansas
182,Waylon,Duro,Iddenden,2022-01-15,725-977-6784,Ccuntuma,Weeping Birch
183,Rodney,Petrina,Gorling,2020-12-12,412-659-4613,Sundsvall,John Wall
184,Lorri,Artiss,Buff,2015-11-17,302-204-6683,Zaraza,Maple Wood
185,Pepito,Pindred,Buckel,2020-05-08,821-346-3779,Livramento do Brumado,Nevada
186,Michelina,Coppins,Annon,2017-03-20,441-694-8772,Saint John’s,Nancy
187,Willette,Pover,Brittain,2020-03-22,800-899-6067,Daxi,Messerschmidt
188,Aggi,Thursby,Pontain,2021-09-11,593-485-9825,Verkhnyaya Tura,Spenser
189,Sigfried,Napoleon,Ungerecht,2019-10-01,485-590-9423,Strasbourg,Westridge
190,Marlon,Van De Cappelle,Goldsby,2014-06-15,690-247-7129,Vélizy-Villacoublay,Pankratz
191,Cesya,Sheircliffe,McNeice,2018-11-21,267-433-4144,Arani,Warrior
192,Rita,Spencelayh,Neat,2016-03-11,490-502-6898,Tapakrejo,Wayridge
193,Whit,Arkwright,Plaide,2021-08-10,376-430-9604,Miraflores,Blue Bill Park
194,Kissie,Tomasello,Ipwell,2021-08-26,240-798-2611,Saratov,Schiller
195,Rosina,Gillhespy,Olliver,2019-06-02,398-300-3228,Pomabamba,Londonderry
196,Bruce,McGarvie,Draisey,2014-08-13,322-291-9569,Kamen,Twin Pines
197,Nina,Tomson,Boxe,2021-03-27,613-712-7472,Tizguine,Cambridge
198,Darnell,Kemble,O'Hederscoll,2017-01-24,953-261-5356,Kirovgrad,Northland
199,Hugo,Scholfield,Melmeth,2016-09-19,505-409-8499,P’rimorsk’oe,Menomonie
200,Justinian,Byars,Rosenbaum,2016-01-31,289-681-5395,Kulunda,Tennessee
