1,Geoff,Vaines,Nanni,Non-binary,2002-05-05,414-660-8068,Nabeul,Sugar
2,Cesya,Pawling,Rutter,Female,2005-03-31,130-277-2740,Cova da Iria,Rigney
3,Liz,Hume,Stearley,Female,2003-11-18,468-205-8080,Tha Bo,Elka
4,Ruddy,Melan,Standing,Male,2005-12-31,413-631-2529,Strasbourg,Grover
5,Rycca,Tibbles,Brody,Female,2007-10-27,449-279-6958,Las Palmas,Sugar
6,Gregor,Laurentin,Kilner,Male,2013-06-12,688-687-7755,Dobrljin,Colorado
7,Xenos,Aldritt,Tydd,Male,2008-10-27,511-220-7842,Semang,Brickson Park
8,Wally,Kolak,Kilban,Male,2007-11-20,282-854-9800,Zhulebino,Oak Valley
9,Fernanda,Burnand,Kennifeck,Female,2011-06-21,739-694-0765,Dezhou,Hanover
10,Nichols,Conrart,Coultar,Male,2009-07-14,847-656-9553,Liloan,Northridge
11,Maritsa,MacFaul,Wiltsher,Female,2002-01-27,721-948-5362,Tianyi,Pleasure
12,Gan,Tilzey,Tinker,Male,2018-05-10,976-739-9340,Baghdad,Burning Wood
13,Minette,Tunna,Riddington,Female,2015-02-10,528-415-5421,Qingduizi,Macpherson
14,Jeramie,Fellow,Wetherald,Male,2002-11-12,385-424-2547,Novosil’,Heath
15,Mandel,Caseley,Coupar,Male,2009-11-09,354-162-4695,Zambujal,Victoria
16,Cindelyn,Abrehart,Tweddell,Female,2021-02-28,607-290-8234,Bode Sadu,School
17,Harland,Geertje,Jarlmann,Male,2004-03-31,927-749-2574,Sovetskiy,Fieldstone
18,Gus,Dwelling,Radband,Male,2013-01-06,736-946-1223,Camabatela,Portage
19,Stephen,Tonks,Zack,Male,2012-11-07,134-577-3819,Tópaga,Roth
20,Estel,Audley,Twigg,Female,2008-03-04,335-324-4433,Yuelai,Holmberg
21,Una,Jonathon,Phoenix,Female,2018-12-28,198-234-7277,Kotel’va,Iowa
22,Bobbi,Entwisle,Lowten,Female,2019-05-17,250-133-1314,Ganquan,Gulseth
23,Nariko,De Antoni,Sprague,Female,2007-06-04,851-740-1854,Rivadavia,Linden
24,Shauna,Redwall,Sanzio,Female,2016-04-20,102-328-8307,Albacete,Summer Ridge
25,Nancy,Cearley,Olyet,Female,2003-04-29,303-378-2374,Thị Trấn Quan Hóa,Farmco
26,Kai,Lissandre,Gurko,Female,2012-06-10,824-327-1825,Sadar Bazar,La Follette
27,Verney,Genney,McMurray,Polygender,2010-10-08,223-138-3784,Amirabad,Merchant
28,Doy,Vallery,Beidebeke,Male,2005-06-27,336-354-6500,Rancaerang,Surrey
29,Silvie,De Rechter,Gantzer,Female,2006-04-28,266-353-3408,Zhanjiang,Dahle
30,Bidget,Jillions,Whotton,Female,2005-10-18,195-571-5782,Sokarame,Fulton
31,Travers,Bowering,Beavon,Male,2004-11-16,455-828-8516,Kocēni,Browning
32,Bree,Starking,Lyffe,Female,2016-04-10,786-592-5044,Chenguang,Dexter
33,Edgard,Powley,Vern,Male,2004-01-07,946-567-6451,Kultayevo,Milwaukee
34,Addie,Switland,Bare,Male,2006-06-05,890-731-0214,Xinzhaiping,Twin Pines
35,Fremont,Gemmell,Meadus,Male,2012-10-29,571-367-7472,Alca,2nd
36,Babs,Dibbert,Scotchmoor,Female,2012-10-09,647-640-3976,Kolbudy,Declaration
37,Tammie,Breache,Vassman,Female,2010-05-15,308-410-7159,Stockholm,Spenser
38,Lon,Eagling,Leggs,Male,2018-07-01,554-135-1353,Kubang,Lunder
39,Sheffy,Tinn,Aimable,Male,2013-08-02,786-879-1493,Ten’gushevo,Meadow Vale
40,Laetitia,De'Vere - Hunt,Raselles,Female,2006-12-11,158-517-9341,Bukowina Tatrzańska,Esker
41,Dedie,Demann,Barz,Polygender,2010-11-03,941-156-7074,Vertientes,Green
42,Shanan,Crammy,Ewebank,Male,2014-08-01,206-254-2643,Bandar Pusat Jengka,High Crossing
43,Torie,Gages,MacSporran,Female,2022-06-09,279-336-7231,Shakhty,Fisk
44,Sapphire,Gawn,Yitzhakof,Female,2022-01-19,909-610-4996,Bu‘eina,Northwestern
45,Meir,Curton,Saur,Male,2015-02-18,379-900-3360,Grimstad,Forster
46,Dyanna,Tresise,Lingley,Female,2014-06-13,804-712-0354,Richmond,Carey
47,Eddie,Packman,Shildrake,Male,2017-07-07,385-795-8087,Visim,Loomis
48,Shoshana,Castelow,Whittington,Female,2002-10-15,812-276-3120,Huangsha,Namekagon
49,Jill,Grabeham,Thrush,Female,2019-10-23,464-810-2833,Jrashen,Calypso
50,Kathryn,Van Vuuren,Cummins,Female,2021-06-02,788-135-1961,Dengjiang,Pepper Wood
51,Wood,Sharphurst,Blaxley,Male,2010-09-17,727-176-2838,Lanchkhuti,Miller
52,Inga,Goney,Oak,Female,2002-08-22,764-805-5882,Bohorodchany,Amoth
53,Rufe,Montes,Fathers,Male,2017-06-09,304-109-8789,Yidu,Daystar
54,Marietta,Iacofo,Flowith,Female,2009-11-22,728-112-8950,Uście Gorlickie,Buhler
55,Loraine,Shackelton,Grzegorzewicz,Female,2020-05-27,898-961-9680,Daitōchō,Center
56,Niall,Bundey,Aris,Male,2017-12-20,128-907-9725,Thymianá,Lillian
57,Henrietta,Graver,Sketcher,Non-binary,2004-11-18,270-224-8134,Gore,Sommers
58,Israel,Matous,Benthall,Male,2016-12-16,759-850-3957,Santo Domingo Este,Fallview
59,Virgil,Streeting,Harbertson,Male,2020-05-07,122-188-6280,Proástion,Declaration
60,Ignacius,Brady,Billborough,Male,2006-01-26,790-525-8540,Levski,Schlimgen
61,Lion,Shipperbottom,Yegorev,Male,2009-03-22,922-762-3716,Segezha,Hanover
62,Leland,Aspy,Clines,Male,2010-01-23,457-114-6520,Leshukonskoye,Hallows
63,Enrico,Bigmore,Antonovic,Male,2020-11-19,538-631-9303,Novi Pazar,Scofield
64,Judas,Jancar,Lankham,Male,2010-07-27,758-465-7094,Dingtao,Aberg
65,Camey,Loidl,Barnhart,Genderqueer,2017-04-03,155-554-5605,Khamis Mushait,Oakridge
66,Roma,Simoncini,Gilgryst,Male,2017-10-14,794-101-2485,Gunungmanik,Vahlen
67,Foss,Coulthard,Bacchus,Agender,2021-10-03,563-819-2095,Grabów nad Prosną,Merchant
68,Christie,Harlow,Polon,Male,2005-11-01,102-620-7587,Cova da Iria,Ridge Oak
69,Jinny,Ewers,Mewrcik,Female,2011-08-10,965-478-6544,Xiangshui,Erie
70,Cinda,Lyons,McAnulty,Female,2010-08-30,438-905-8960,Łętownia,Ohio
71,Nikkie,Sodor,Wallen,Female,2020-09-20,806-244-1343,Yaurisque,Caliangt
72,Joachim,Neely,Coye,Male,2013-06-24,882-591-0330,Caleta Cruz,6th
73,Jennie,Ibbitson,Halladay,Female,2012-07-26,475-952-0699,Pawak,Gerald
74,Uri,Weyman,Coon,Male,2017-02-13,748-817-5219,Belén,Cottonwood
75,Virgilio,Cuer,Walkingshaw,Male,2015-06-18,478-736-4630,Pervomayskoye,Corscot
76,Emlen,Randles,Graben,Male,2018-08-12,726-621-6311,Pingtan,Trailsway
77,Gwen,Sinyard,Hastewell,Female,2008-12-14,528-237-2869,Moramanga,Bowman
78,Arlen,Goldster,Derry,Male,2006-12-08,992-887-1169,Yungay,Onsgard
79,Joycelin,Huyton,Leftley,Genderfluid,2006-07-04,634-160-5686,Xikou,Grayhawk
80,Salomone,Girardey,Stainson,Male,2022-07-08,683-187-9358,Ernestinovo,Derek
81,Mischa,Cuer,Maffioletti,Male,2020-06-16,574-827-4133,Graneros,Crescent Oaks
82,Ric,Kingscote,MacGiffin,Male,2017-05-04,349-161-3186,Quintong,Florence
83,Iris,Ghidotti,Collcott,Genderfluid,2011-01-23,292-276-3980,Magisterial,Atwood
84,Karlotta,Greenland,McGarahan,Female,2019-04-16,601-755-6805,Kalmunai,Lake View
85,Ashley,Tompkiss,Hawtrey,Male,2018-10-14,464-642-5631,Vilela,Glacier Hill
86,Clementius,Heffron,Tesmond,Male,2003-02-26,873-847-5831,Liuji,Sheridan
87,Willie,Cockling,Baldam,Male,2007-09-05,726-586-2399,Hinigaran,Trailsway
88,Waldemar,Hummerston,Kencott,Male,2002-04-04,589-735-8673,Mjölby,School
89,Sean,Lothean,Camamile,Female,2005-02-03,939-106-0967,Petite Anse,Shasta
90,Godfree,Exley,Bonham,Male,2008-06-14,535-226-5570,Thị Trấn Sìn Hồ,Pine View
91,Collen,Callar,Yeates,Female,2002-05-05,104-934-8249,Ujsoły,Kipling
92,Corbin,Ramsier,McNiff,Male,2003-07-21,485-978-4892,Arthur’s Town,Meadow Valley
93,Oneida,Goodricke,Isles,Female,2019-08-30,409-836-9330,Nunmanu,Mccormick
94,Ravid,Riseborough,Adamovitch,Genderqueer,2019-04-21,653-465-9555,Velký Týnec,Division
95,Hulda,Guichard,Cordner,Female,2005-09-21,875-811-6037,Senahú,Nobel
96,Corny,Motto,Hourihan,Female,2002-06-16,937-974-5208,Hobart,Upham
97,Winifred,Karim,Gruby,Female,2008-02-07,576-383-9183,Lupo,Gerald
98,Marie-ann,Curner,Francescoccio,Female,2008-05-22,391-574-0920,Tuanjie,Bluestem
99,Tailor,McDermid,Limerick,Genderfluid,2017-04-09,653-403-0398,Kota Kinabalu,Corry
100,Zarla,MacKeogh,Damper,Female,2007-05-06,671-513-5972,Tsotsin-Yurt,Dennis
101,Clare,Draper,Noorwood,Female,2008-09-26,190-246-5923,Zrenjanin,Lakewood Gardens
102,Clive,Budgen,Sundin,Male,2002-03-26,734-888-2047,Kudahuvadhoo,Saint Paul
103,Buddie,Binestead,Pagram,Male,2018-12-14,683-334-2699,Rio Claro,Meadow Vale
104,Hurley,Guenther,MacKnockiter,Male,2010-08-15,334-531-0783,Eira Nova,Division
105,Reinhold,Saggs,Moth,Agender,2003-02-22,553-760-4385,Valongo,5th
106,Caitrin,Boardman,Mackerness,Female,2016-08-17,590-132-6614,Meikeng,Pepper Wood
107,Frazier,Penwell,Edge,Male,2016-03-27,247-274-0566,Qorovulbozor,Prairieview
108,Adriane,Schooley,Shannahan,Female,2012-08-25,490-930-5883,Moriyama,Carey
109,Lynnet,Latus,Dunkerley,Genderfluid,2011-12-18,956-599-1364,Lingshan,Autumn Leaf
110,Tabatha,Gammel,Boorer,Female,2017-03-08,152-971-9508,Zuogaimanma,Monument
111,Paulie,Axe,Blown,Genderfluid,2022-07-26,952-136-7251,Karangampel,Anderson
112,Peterus,Esom,Junkinson,Male,2001-10-27,847-694-3691,Ciangir,Hudson
113,Somerset,Klimentyev,Egglestone,Male,2005-08-14,427-317-8923,Si Prachan,Warrior
114,Bride,Insworth,Bavester,Genderfluid,2015-10-12,835-183-9052,Yanino Vtoroye,Briar Crest
115,Freddy,Ghirigori,Davidescu,Female,2020-04-09,938-860-2751,Sośnie,Dapin
116,Bird,Ciobutaro,Traice,Genderfluid,2012-05-27,783-883-0439,Dzaoudzi,Badeau
117,Aharon,Greenland,Dubock,Male,2017-04-25,915-307-4207,El Paso,Bunker Hill
118,Justinian,Parsand,Melbourn,Male,2008-12-16,432-549-7761,Magaria,Petterle
119,Niall,Michieli,Robard,Male,2005-07-17,449-818-3812,Itsukaichi,Nancy
120,Kenny,Esler,Murtagh,Male,2015-07-20,770-312-9944,Atlanta,Farmco
121,Tanny,Dukelow,Kelsey,Male,2021-03-03,582-800-0314,Casal da Anja,Granby
122,Korney,Gorsse,Best,Female,2001-10-16,604-117-7772,Albania,Judy
123,Cos,Guilder,Piggott,Male,2012-01-10,256-420-1496,Badīn,Dorton
124,Cathrine,Hailston,Provost,Female,2017-07-21,723-311-2178,Sumberkemuning,Warrior
125,Ondrea,MacMenamin,Kennelly,Female,2016-07-27,697-103-5989,Queluz,Morningstar
126,Sydelle,D'Acth,Luthwood,Female,2015-09-29,920-935-7033,Hangchuan,Summer Ridge
127,Grove,Middis,Scarlett,Male,2017-07-18,901-135-5804,Sumuranyar,Delladonna
128,Tim,Moring,Scanlan,Female,2003-10-05,699-375-9473,Yongdeng Chengguanzhen,Maple
129,Godart,Renzini,Kilford,Male,2007-05-11,723-365-4512,Mingyu,Randy
130,Una,Melonby,Merwede,Female,2015-06-18,996-753-0556,Rasskazovo,Ruskin
131,Deonne,Jeduch,Shankle,Female,2003-10-29,191-332-8084,Koanara,Manley
132,Riki,Mottini,Beininck,Female,2002-11-06,460-239-5615,Shangfang,Lunder
133,Morgana,Brammall,Giacoppo,Female,2006-08-14,873-543-4403,Bekondo,Sauthoff
134,Rance,Cartin,Stihl,Male,2021-08-20,671-522-9248,Shūkat aş Şūfī,Buena Vista
135,Mortimer,Lerigo,Adolf,Male,2010-06-08,996-992-9910,Qiting,Fordem
136,Aharon,Dy,Roofe,Polygender,2009-11-05,756-131-2973,Povedniki,Jenifer
137,Gavan,Gianni,Shadfourth,Male,2017-06-04,271-183-2032,Stockholm,Melvin
138,Nickey,Glanert,Fillimore,Male,2021-08-27,646-258-5459,Sumberjati,Veith
139,Rosaleen,Allder,Thys,Female,2007-11-28,581-409-5245,Darpas,Dahle
140,Shurlock,Vannar,Bullough,Male,2003-06-23,232-831-0181,Działdowo,Grover
141,Asia,Bartels-Ellis,Castanares,Female,2013-06-28,272-937-6759,Atlasovo,Gateway
142,Howey,Down,Adamsson,Agender,2002-09-29,440-776-0620,Jieshou,Graceland
143,Karita,Caret,Wadham,Female,2016-10-29,204-345-7237,Iquique,Artisan
144,Katya,Pearsey,Redwin,Female,2006-02-25,253-875-4712,Nytva,Bultman
145,Charlton,Erni,Danilov,Male,2003-09-27,145-306-2125,Wudui,Leroy
146,Mara,Searl,Clack,Female,2017-05-10,305-218-1944,Veternik,Schlimgen
147,Blanch,Crepel,Segge,Female,2019-10-20,371-647-6514,Tarnowiec,Oak Valley
148,Debbie,Schindler,Woollaston,Female,2007-01-09,921-382-1452,Bartolomé Masó,Atwood
149,Byrle,Grayshan,Limrick,Male,2002-02-05,581-734-3973,Puerto Boyacá,Westerfield
150,Perla,Sawnwy,Corcut,Genderqueer,2004-04-09,723-999-2657,Alcaria da Serra,Sloan
151,Patten,Vann,Vamplew,Male,2009-06-08,994-887-9056,Mosal’sk,Fieldstone
152,Jeff,Moakes,Milroy,Male,2020-03-05,862-138-8634,Yorosso,Stoughton
153,Gabi,Hurdedge,Delgardillo,Male,2005-09-13,995-736-3409,Jolo,Bunker Hill
154,Conroy,Blonden,Chiswell,Male,2007-04-06,223-474-8511,Shangma,Fair Oaks
155,Janeczka,Gillie,Bogey,Female,2004-03-01,809-523-3551,Sitrah,La Follette
156,Konstanze,Regorz,Sinderson,Female,2015-10-09,232-770-6737,Loučovice,Menomonie
157,Torin,Cressor,Tender,Male,2020-02-09,793-795-5708,Pasauran,Red Cloud
158,Lorraine,Bransden,Morshead,Female,2014-11-15,511-518-0355,Parravak’ar,Northland
159,Titos,Rowling,Palomba,Male,2018-05-20,302-668-4106,Wilmington,Crowley
160,Marta,Legan,Anger,Female,2022-04-02,732-730-8653,Cipicung,Burning Wood
161,Erick,Springford,Bonhome,Male,2003-07-09,498-911-7429,Xike,Lyons
162,Jayme,Brace,McDunlevy,Male,2007-03-10,266-228-2611,Mamonovo,8th
163,Arnold,Manass,Berry,Male,2021-07-08,254-794-0812,Xihongmen,Rutledge
164,Carolee,Trembey,Matyas,Female,2013-02-05,788-170-8507,Kungsbacka,Waywood
165,Frasquito,Bafford,Fanstone,Male,2013-01-11,519-103-8796,Saint-Avold,Shasta
166,Lukas,Skillington,Kelmere,Male,2021-11-10,746-997-7639,Nyimba,Northview
167,Sheila,Runcie,Pighills,Female,2017-04-21,763-952-8634,Tagdanua,Melby
168,Car,Trim,Yewdell,Male,2004-09-14,338-158-1073,Thaton,Anniversary
169,Annie,Pickton,Ecclestone,Female,2004-06-01,924-160-5299,Luchegorsk,Pleasure
170,Obediah,Kopecka,McColgan,Agender,2012-07-09,868-284-5506,Tsumeb,Esch
171,Gayler,Faltin,Rhymes,Male,2018-03-16,427-524-8814,Axioúpoli,Express
172,Christoph,Windless,Greetham,Male,2013-03-22,836-147-6376,Campo de la Cruz,Schmedeman
173,Priscilla,Castiblanco,Iley,Female,2019-10-03,119-145-1954,Sobral,Service
174,Noe,Driffield,Monson,Male,2019-05-24,721-237-7838,Kamal,Sutteridge
175,Michel,Scoggin,Critch,Male,2016-08-30,873-486-6641,Itacoatiara,Fallview
176,Sayres,Neylan,Camamill,Male,2003-03-04,210-298-2487,Chlumčany,Oneill
177,Gustav,Gerrad,Reynolds,Male,2008-06-02,436-968-1928,Banja Luka,Texas
178,Stevena,Betun,Beeble,Bigender,2021-12-24,514-545-6613,Castellon De La Plana/Castello De La Pla,Reinke
179,Spence,Risbie,McCart,Male,2008-12-07,495-788-1203,Kill,Donald
180,Kessia,Searle,McFaul,Female,2003-10-16,393-861-4209,Santa Teresa,Mesta
181,Charlie,Lewis,Bidnall,Male,2017-08-04,700-542-8041,Höganäs,Jenna
182,Thornie,Landrieu,Macieja,Male,2022-06-24,893-204-9281,Pawłosiów,6th
183,Annissa,Loftin,Dumberell,Female,2021-10-27,638-897-8897,Khashuri,Loftsgordon
184,Van,Studman,Placidi,Male,2008-03-12,708-911-8172,Taobei,Kim
185,Rozamond,Franke,Crilly,Female,2011-03-07,451-410-0668,Las Lajas,Carey
186,Sanson,Adacot,Wilfling,Male,2016-05-17,850-690-4317,Bekondo,Loomis
187,Mario,Uppett,Clorley,Male,2013-04-03,431-799-3301,Velké Pavlovice,Crescent Oaks
188,Noby,Goodacre,Albertson,Male,2008-08-03,618-686-3932,Salta,Bartelt
189,Chick,Amos,Kilban,Male,2012-08-24,570-313-4551,Lusacan,Burning Wood
190,Nicky,Oxer,Radki,Female,2012-05-06,506-177-2603,Olszówka,Paget
191,Eileen,Gaggen,Heberden,Polygender,2009-07-16,703-300-2304,Chuanpu,Cardinal
192,Genia,Linch,Ummfrey,Female,2011-08-06,804-612-3108,San Roque,Summit
193,Casey,Undy,Considine,Male,2006-02-02,380-874-7504,San Juan Nepomuceno,Moulton
194,Amanda,Spaduzza,Mc Caghan,Female,2003-05-19,875-630-4438,Oropós,Spenser
195,Alia,Dressell,Moyes,Female,2006-07-12,613-681-3679,El Rancho,Hauk
196,Joyce,Fourman,Purvis,Female,2004-10-22,408-800-3348,Ierápetra,Burning Wood
197,Emmet,Roffey,Irvin,Male,2013-05-19,911-136-9764,Doghs,Barby
198,Ealasaid,Levings,Toffolini,Female,2013-10-06,522-872-6899,Cajamarca,Stoughton
199,Rhianna,Dewsnap,Loch,Female,2002-09-05,645-420-1160,Jōetsu,Garrison
200,Holden,Fermoy,Janczak,Male,2018-08-24,850-597-3411,São João das Lampas,Garrison
